STAT_ID,STAT_NTN,STAT_POP,STAT_CPT,STAT_LAN
US,미합중국(The United States of America),"335779482 (자료원: 미 인구조사국, 2023년 11월 기준 추정치)","워싱턴 D.C.(Washington, District of Columbia)",영어
DE,독일연방공화국(The Federal Republic of Germany),"84482267 (자료원: 독일 연방통계청, 2023. 6. 30. 기준)",베를린(Berlin),독일어
CA,캐나다(Canada),"40509958 (자료원: 캐나다 통계청, 2023년 11월 기준)",오타와(Ottawa),"공용어(영어 58% 및 불어 21%), 기타(21%)"
GB,영국(The United Kingdom of Great Britain and Northern Ireland),67026300 (자료원: 영국 통계청(ONS) / 2022년 12월 21일(&#39;21년 census 통계치)),런던(London),"영어(공용어), 웨일스어, 스코티시 게일릭, 아이리시 게일릭"
CN,중화인민공화국(The People&rsquo;s Republic of China),"1411750000 (자료원: 중국 국가통계국, 2022년 말 기준)",베이징(北京; Beijing),한어(汉语; Chinese) 
FR,프랑스 공화국(La Republique de la France),"68042591 (자료원: 프랑스 통계청  (해외령 인구 포함, 2023년 1월 발표))",파리(Paris),프랑스어
SE,스웨덴(Sweden),"10557822 (자료원: 스웨덴 통계청, 2023년 11월 21일 기준)",스톡홀름(Stockholm),스웨덴어
AT,오스트리아 연방공화국(The Federal Republic of Austria),9154514 (자료원: 오스트리아 통계청 (공표 시기: 2023년 11월 기준)),"빈(Wien, 영문 Vienna)",독일어
DK,덴마크(The Kingdom of Denmark),"5959464 (자료원: 덴마크 통계청, 2023년 10월 기준)",코펜하겐(Copenhagen),공용어: 덴마크어 / 상용어: 영어
IT,이탈리아 공화국(La Repubblica Italiana),"58870762 (자료원: 이탈리아 통계청(ISTAT), 2023.11. 기준)",로마(Roma),"이탈리아어(국경지역은 독일어, 프랑스어, 슬로베니아어 병용)"
BE,벨기에 (The Kingdom of Belgium) ,"11697557 (자료원: 벨기에 통계청, 2023.6.8)",브뤼셀(Brussels),"네덜란드어(플란더스 지방, 브뤼셀 지방),  프랑스어(왈로니아 및 브뤼셀 지방),  독일어(왈로니아 내 독일어 공동체), 일반적으로 영어도 통용"
NL,네덜란드(The Kingdom of the Netherlands),"17938530 (자료원: 네덜란드 통계청, 2023.11 기준)",암스테르담(Amsterdam),네덜란드어(영어 통용)
HU,"헝가리 공화국(Republic of Hungary, 현지어 Magyarorszag) ","9599744 (자료원: 헝가리통계청(KSH), 2023년 8월 기준)",부다페스트(Budapest),헝가리어(전체 인구의 약 98.9%가 사용)
CZ,"체코 공화국(영문: The Czech Republic [약식 국명: Czechia], 체코어: Česk&aacute; Republika)","10873553 (자료원: 체코 통계청, 2023년 6월 30일 기준)",프라하(Prague),체코어
RO,루마니아 (Romania),"21922000 (자료원: 루마니아 통계청, 2023년 2월 1일 기준)",부쿠레슈티 (Bucuresti),루마니아어
TR,튀르키예공화국(Republic of T&uuml;rkiye),85919381 (자료원: 튀르키예 통계청(2023년 9월 기준)),앙카라(Ankara),튀르키예어
ZA,남아프리카공화국(Republic of South Africa),"60290182 (자료원: World Population Review, 2023년 기준)","Pretoria(행정수도), CapeTown(입법수도), Bloemfontein(사법수도) ","영어, 아프리칸스어, 줄루어, 코사어 등을 비롯한 11개 공식 언어 사용, 비즈니스 어로는 영어가 널리 사용됨."
PL,폴란드공화국 (The Republic of Poland),"37738000 (자료원: 폴란드 통계청(GUS), 2023.02. 기준)",바르샤바 (Warsaw),폴란드어
NZ,뉴질랜드(New Zealand),"5223100 (자료원: 뉴질랜드 통계청, 2023.10.기준 최신)","웰링턴(Wellington), 1865년 오클랜드에서 천도","영어, 마오리어"
IN,인도(The Republic of India),"1428628000 (자료원: IMF, 2023.11.14 기준)",뉴델리(New Delhi),"힌디어, 칸나다어, 타밀어, 텔루구어 등 22개 공용어"
MY,말레이시아 연방(Federation of Malaysia),"33379500 (자료원: 말레이시아 통계청, 2022년 기준)",쿠알라룸푸르(Kuala Lumpur),"공용어: 말레이어(Bahasa Malaysia), 상용어: 영어"
JP,일본(Japan),"124477000 (자료원: 총무성, 2023년 5월 확정치 )",도쿄(Tokyo),일본어
TH,태국,"70183000 (자료원: IMF, (2023년 10월 공표))",방콕,태국어
TW,대만,23404300 (자료원: 대만 내정부/2023.9.30. 기준),,중국어
AU,호주(Commonwealth of Australia),"26473055 (자료원: 호주통계청, 2023.3 기준)",캔버라(Canberra),영어
MX,멕시코합중국 (Estados Unidos Mexicanos),"129875529 (자료원: CIA The World Fact Book, 2023년)","멕시코시티(Ciudad de M&eacute;xico, CDMX)","스페인어 93.8%, 스페인어-토착어 혼용 5.4%, 토착어(마야어, 나후앗) 0.6%, 기타 0.2%"
ES,스페인 왕국(el Reino de Espa&ntilde;a: Kingdom of Spain),48446594 (자료원: INE(2023년 10월 기준)),마드리드(Madrid),"공식어: 스페인어(Castellano), 4개 자치주(까딸루냐, 바스크, 갈리시아, 발렌시아) 언어 공용"
AE,아랍에미리트(United Arab Emirates),9516871 (자료원: (자료 : UN 환산 Worldometer / 2023년 7월 확인 기준)),아부다비(Abu Dhabi),"(공용어) 아랍어, (통용어) 영어, 힌디어, 말라얄람어 등"
BR,브라질 연방 공화국(The Federal Republic of Brazil),"203080756 (자료원: 브라질 지리통계원(IBGE), 2023.10.27 기준)","브라질리아(Brasilia, 인구 3,094,325명)",포르투갈어
CO,콜롬비아 공화국(Republic of colombia),52215503 (자료원: 콜롬비아 통계청(DANE) 2023년 전망치/2023년 4월 ),보고타(Bogota),스페인어(공용어)
AR,아르헨티나 공화국(Argentine Republic),"46654581 (자료원: 아르헨티나 통계청, 2023년 7월 기준)",부에노스아이레스(Buenos Aires),스페인어
UA,우크라이나(Ukraine),43306477 (자료원: CIA Worldfact book/2023년),키이우(Kyiv),"우크라이나어(공용어), 러시아어(상용어)"
SK,슬로바키아 공화국(Slovak Republic),"5756673 (자료원: UN, 2023. 11.)",브라티슬라바(Bratislava),슬로바키아어
EG,"이집트(Egypt, Arab Republic of Egypt)",106225000 (자료원: IMF(2023년 10월)),카이로(Cairo),아랍어
QA,카타르(State of Qatar),"3057507 (자료원: Planning and Statistics Authority, 2023년 9월 기준 )",도하(Doha) ,아랍어(영어도 널리 통용)
VN,베트남 사회주의 공화국(Socialist Republic of Vietnam),104799174 (자료원: CIA report / 2023년 추정치),하노이(H&agrave; Nội),베트남어
SA,사우디아라비아 왕국(Kingdom of Saudi Arabia),"32819000 (자료원: IMF, 2023)",리야드(Riyadh),아랍어
ID,인도네시아,275361267 (자료원: 인도네시아 통계청(2022.8 발표)),자카르타,인도네시아 어(Bahasa Indonesia)
FI,핀란드 공화국(Republic of Finland) / Suomen Tasavalta,5548241 (자료원: 핀란드 통계청 / 2023년 12월 확인),"헬싱키(Helsinki, 65만 명, 북위 60&deg; 10&prime; 10&Prime;, 동경 24&deg; 56&prime; 07&Prime;)","핀란드어(86.5%), 스웨덴어(5.2%), 러시아어(1.6%), 에스토니아어(0.9%), 사미어(0.0%)"
BG,불가리아(The Republic of Bulgaria),6447710 (자료원: 불가리아 통계청/ 2022년 12월 기준),소피아(Sofia),불가리아어
PH,필리핀(The Republic of the Philippines),"117337368 (자료원: Euromoitor, 2023년 최신자료)",메트로 마닐라(Metro Manila),"필리핀어(따갈로그어), 영어(공용어), 지방 토착언어"
GR,그리스(Hellenic Republic),"10432481 (자료원: ELSTAT, 2021년 기준(가장 최신자료))",아테네(Athens),그리스어
HR,크로아티아 공화국(Republic of Croatia),"3871833 (자료원: 크로아티아 통계청, 2021년 인구조사)",자그레브(Zagreb),크로아티아어(라틴문자 사용)
PK,파키스탄 이슬람공화국(Islamic Republic of Pakistan),241490000 (자료원: 파키스탄 통계청(2023 기준)),이슬라마바드(Islamabad),"국어는 우르두어(Urdu)이며, 영어는 상용&middot;공용어이다. 지역별로 펀잡어, 신드어, 푸쉬트어, 발루치어 등 24개 지방 언어가 있다. "
MA,"모로코 왕국(불어: Royaume du Maroc, 영어: Kingdom of Morocco)",37176778 (자료원: Higher Planning Commission / 2023년 12월 10일),라바트(Rabat),"아랍어, 베르베르어(공용어), 불어(상용어)"
RU,러시아(Russia),"146710000 (자료원: 러시아 통계청, 2023년 10월 기준)","모스크바(Moscow, 13,100,000명, 2023년 1월 기준)","러시아어, 문맹률 0.6%"
CH,스위스 연방 공화국(Swiss Confederation),"8815385 (자료원: 스위스 통계청, 2022년 기준(2023년 11월 최신자료))",베른(Bern)," 독일어(62%), 프랑스어(22.7%), 이탈리아어(8.2%), 로망슈어(0.5%), 기타 언어(22.7%)"
RS,세르비아공화국(Republic of Serbia),"6641197 (자료원: 세르비아 통계청, 2023년 1월 기준)",베오그라드(Belgrade),"세르비아어(라틴문자, 키릴문자 사용)"
IL,이스라엘,"9795000 (자료원: Central Bureau of Statistics of Israel, 2023.9.12)","자국법상 수도는 예루살렘이지만, 국제법상 텔아비브를 수도로 인정 ","히브리어(공용어), 아랍어(아랍 소수민 공식언어), 영어 및 러시아어 (상용어)"
HK,중화인민공화국홍콩특별행정구(The Government of the Hong Kong S.A.R of the People&#39;s Republic of China),"7498100 (자료원: Census and Statistics Department, 2023년 중순 잠정치)",,"광동어, 보통어, 영어"
SG,싱가포르 공화국(Republic of Singapore),"5917600 (자료원: 싱가포르 통계청(DOS), 2023년)",싱가포르(도시국가),"영어, 중국어(기타 중국어 방언 호키엔어, 광동어, 테오추어, 하카어 포함, 말레이어, 타밀어 등 4개 공용어"
GT,과테말라 공화국(Guatemala),"19379000 (자료원: IMF, 2023년 10월 기준)",과테말라시티,스페인어(기타 약 21개의 마야 토착언어 및 2개의 원주민어 존재)
NG,나이지리아 연방공화국(Federal Republic of Nigeria),218500000 (자료원: EIU(2022)),아부자(Abuja),"영어(공용어), Hausa어, Yoruba어, Ibo어 등 각 토착어"
PT,포르투갈 공화국(The Portuguese Republice),"10379007 (자료원: Worldbank Indicator(2023년 11월 조회 기준, 2022년 수치))","리스본(영어 Lisbon, 포어 Lisboa)",포르투갈어
CL,칠레공화국(Rep&uacute;blica de Chile),"19960889 (자료원: 칠레 통계청, 2023년 6월 예상 인구 기준)",산티아고(Santiago),스페인어
VE,베네수엘라 볼리바르 공화국(Rep&uacute;blica Bolivariana de Venezuela),"28199867 (자료원: (자료원: 세계은행, 2021년))",카라카스(Caracas),스페인어
GE,조지아 ,3736400 (자료원: www.geostat.ge ),트빌리시,"조지아어(공용어), 러시아어(통용어)"
BY,벨라루스(Republic of Belarus),"9200617 (자료원: 벨라루스 통계청, 2023년 1월 공표 기준 (매년 1월 발표))",민스크(Minsk),"벨라루스어, 러시아어 둘 다 국어(national language)로 사용된다. 러시아어는 1995년 국민투표를 통해 국어로 채택되었으며, 일상에서는 러시아어가 더 많이 쓰인다."
KE,케냐 공화국(The Republic of Kenya),54000000 (자료원: EIU 2023년 4월 국가 보고서),나이로비(Nairobi),"영어(공용어), 스와힐리어(통용어), 40개 이상의 현지 부족언어"
LK,스리랑카 민주 사회주의 공화국(Democratic Socialist Republic of Sri Lanka),"22181000 (자료원: 스리랑카 중앙은행 연간보고서, 2022 기준)",스리자야와르데네푸라코테(Sri Jayawardenepura Kotte),싱할라 및 타밀어
EC,에콰도르(Republic of Ecuador),"18290512 (자료원: 에콰도르 통계청, 2023년 5월 기준)",키토(Quito),"스페인어 및 11개 기타 부족어(케추아, 슈아르 등)"
DO,도미니카공화국(Dominican Republic),"10790744 (자료원: CIA fact book(2023년 11월 기준, 2023년도 추정치))",산토도밍고(Santo Domingo),스페인어
UZ,우즈베키스탄(Republic of Uzbekistan),"36372000 (자료원: 우즈베키스탄 통계청, 2023년 11월 기준)",타슈켄트(Tashkent),"우즈베키스탄어(국어), 러시아어(공용어)"
PA,파나마(Republic of Panama),"4395414 (자료원: 파나마 통계청(INEC), 2022 기준)",파나마시티(Panama City),스페인어
